locationname,locationaddress
Abbotsford Park,2 A Abbotsford Rd
Acacia Park,68 Lilac Ave
Academy Soccer Field,95 Jonesville Cres
Adams Park,2 Rozell Rd
Adanac Park,15 Belmuir Pl
Addington Greenbelt,15 Brentwood Ave
Agincourt Park,27 Glen Watford Dr
Agnes Macphail Square,900 Pape Ave
Ailsa Craig Parkette,16 Ailsa Craig Crt
Alamosa Park,111 Alamosa Dr
Alan - Oxford Parkette,31 Alan Ave
Albert Campbell Square,150 Borough Dr
Albert Crosland Parkette,14 Fuller Ave
Albert Standing Park,50 Bogert Ave
Albion Gardens Park,41 Deanlea Crt
Alderwood Memorial Park,215 Sheldon Ave
Aldwych Park,134 Aldwych Ave
Alex Marchetti Park,1 Sun Row Dr
Alex Murray Parkette,107 Crescent Rd
Alexander Muir Memorial Gardens,2901 Yonge St
Alexander Park,33 Alexander St
Alexander Street Parkette,16 Alexander St
Alexander The Great Parkette,Logan Ave
Alexandra Park,275 Bathurst St
Alexmuir Park,205 Alexmuir Blvd
Allan A. Lamport Stadium Park,1155 King St W
Allan Gardens,160 Gerrard St E
Allanhurst Park,1336 Royal York Rd
Amberdale Ravine Park,101 Brimorton Dr
Ambrose Parkette,5 Ambrose Rd
Ames Park,272 Banbury Rd
Amesbury Park,151 Culford Rd
Amos Waites Park,2441 Lake Shore Blvd W
Amsterdam Square,525 Avenue Rd
Ancaster Park,43 Ancaster Rd
Ancona Park,15 Ancona St
Aneta Circle Parkette,184 Newton Dr
Anniversary Park,410 Parliament St
Anson Park,50 Macduff Cres
Anthony Road School Park,111 A Anthony Rd
Antibes Park,109 Antibes Dr
Apted Park,50 Apted Ave
Arena Gardens,78 Mutual St
Arlington Parkette,460 Arlington Ave
Arsandco Park,151 Prudential Dr
Art Eggleton Park,323 Harbord St
Arthur Dyson Parkette,1404 Pape Ave
Ashbridges Bay Park,1561 Lake Shore Blvd E
Ashtonbee Reservoir Park,21 Ashtonbee Rd
Asquith Green Park,19 Park Rd
Asterfield - Plumrose Blvd Parkette,75 Asterfield Dr
Audrelane Park,60 Audrelane Crt
Austin Terrace Boulevard Lands,Austin Ter
Avalon Parkette,1700 Kingston Rd
Avondale Park,15 Humberstone Dr
Avonshire Park,125 Harrison Garden Blvd
Avonshire Parkette,1 A Oakburn Cres
Avro Park,49 Keswick Rd
Bain Avenue Parkette,208 Bain Ave
Baird Park,275 Keele St
Bakerton Parkette,25 Bakerton Dr
Balcarra Park,1 Balcarra Ave
Balmoral Park,170 Faywood Blvd
Balmy Beach Park,1 Beech Ave
Bamburgh Park,70 Bamburgh Cir
Banbury Park,120 Banbury Rd
Banting Park,40 Banting Ave
Barbara Hall Park,519 Church St
Barkdene Park,50 Barkdene Hills
Bartlett Parkette,160 Geary Ave
Bartley Park,112 Bartley Dr
Basswood Parkette,98 Horsham Ave
Bathurst - Wilson Parkette,3749 Bathurst St
Bathurst Quay,Bathurst St
Baycrest Park,160 Neptune Dr
Bayhampton Parkette,7 Bayhampton Crt
Bayview - York Mills Parkette,320 York Mills Rd
Bayview Arena Park,3240 Bayview Ave
Bayview Parkette,502 Sheppard Ave E
Bayview Village Park,2945 Bayview Ave
Beach Skatepark,1420 Lake Shore Blvd E
Beaches Park,2075 Queen St E
Beaty Avenue Parkette,66 Beaty Ave
Beaty Boulevard Parkette,1575 King St W
Beaumonde Heights Park,17 A Waltham Dr
Beaumont Park,9 A Beaumont Rd
Beaver - Lightbourn Parkette,94 Lightbourn Ave
Bedford Parkette,443 Bedford Park Ave
Beechgrove Park,182 Beechgrove Dr
Beecroft Park,174 Beecroft Rd
Bell Manor Park,1 Bayside Lane
Bellamy Park,110 Bellamy Rd S
Bellbury Park,55 Van Horne Ave
Bellevue Square Park,5 Bellevue Ave
Belmar Park,70 Monclova Rd
Belmont Parkette,105 Belmont St
Ben Nobleman Parkette,1075 Eglinton Ave W
Bendale Park,705 Mccowan Rd
Benjamin Boake Greenbelt,133 Benjamin Boake Trl
Benner Park,25 Benner Ave
Bennett Park,10 Gothic Ave
Bennington Heights Park,465 Heath St E
Beresford Park,400 Beresford Ave
Berner Trail Park,45 Nahanni Ter
Berry Road Park,260 Berry Rd
Bert Robinson Park,400 Caledonia Rd
Bessarion Parkette,72 Bessarion Rd
Bestview Park,115 Bestview Dr
Bethune Park,75 Bethune Blvd
Betty Sutherland Trail Park,250 Duncan Mill Rd
Beverly Glen Park,75 Beverly Glen Blvd
Bickford Park,400 Grace St
Bill Hancox Park,5421 Lawrence Ave E
Bill Johnston Park,65 Western Battery Rd
Birch Park,75 Arcadian Cir
Birchcrest Park,89 Beverly Glen Blvd
Birchmount Park,95 Birchmount Rd
Birchview Boulevard Parkette,38 Birchview Blvd
Birunthan Park,31 Dragonfly Cres
Bishop Park,45 Bishop Ave
Bisset Park,20 Bisset Ave
Black Creek Parkland,1650 Finch Ave W
Black Creek Site East,389 Alliance Ave
Black Creek Site West,805 Jane St
Blackfriar Park,22 Blackfriar Ave
Blantyre Park,180 Fallingbrook Rd
Bloor - Bedford Parkette,248 Bloor St W
Bloor - Parliament Parkette,625 Bloor St E
Bloordale Park North,20 Toledo Rd
Bloordale Park South,230 Renforth Dr
Blue Ridge Park,50 Blue Ridge Rd
Bluehaven Park,19 Blue Haven Cres
Bluffer's Park,1 Brimley Rd S
Blythdale Greenbelt,5 Blyth Dale Rd
Blythwood Ravine Park,1200 Mount Pleasant Rd
Bob Hunter Park,113 Grand River Blvd
Bobbie Rosenfeld Park,294 Bremner Blvd
Bond Park,120 Bond Ave
Bonspiel Park,50 Bonspiel Dr
Boswell Parkette,4 Boswell Ave
Botany Hill Park,277 Orton Park Rd
Boulton Drive Parkette,15 Boulton Dr
Bowan Court Parkette,12 Bowan Crt
Bramber Woods Park,15 Bramber Rd
Brandon Avenue Parkette,2 Brandon Ave
Bratty Park,40 Bratty Rd
Breadalbane Park,30 Breadalbane St
Brendwin Circle Parkette,Brendwin Rd
Briar Crest Park,60 Wellesworth Dr
Briar Hill - Chaplin Park,648 A Briar Hill Ave
Briar Hill Parkette,372 Briar Hill Ave
Bridletowne Park,2295 Bridletowne Cir
Bridlewood Park,445 Huntingwood Dr
Bright Street Playground,50 Bright St
Brimley Woods,2755 Brimley Rd
Bristol Avenue Parkette East,25 Bristol Ave
Bristol Avenue Parkette West,30 Bristol Ave
Broadacres Park,115 Wareside Rd
Broadlands Park,19 Castlegrove Blvd
Broadview Subway Station Parkette,769 Broadview Ave
Brookbanks Park,75 Brookbanks Dr
Brookdale Park,410 Fairlawn Ave
Brookfield Parkette,27 Brookfield Rd
Brooks Road Park,51 Keeler Blvd
Brookwell Park,44 Streamdale Crt
Browns Line-Lakeshore Parkette,Browns Line
Bruce Mackey Park,55 Wardell St
Brunswick - College Parkette,15 Brunswick Ave
Budapest Park,1575 Lake Shore Blvd W
Budd Sugarman Park,955 Yonge St
Burnett Park,352 Burnett Ave
Burnhamill Park,379 Mill Rd
Burrows Hall Park,239 Burrows Hall Blvd
Buttonwood Park,30 Mulham Pl
Byng Park,299 Pharmacy Ave
Cairns Avenue Parkette,93 Cairns Ave
Caledonia Park,1141 Caledonia Rd
Camborne Parkette,110 Camborne Ave
Campbell Avenue Playground,225 Campbell Ave
Canadian Ukrainian Memorial Park,425 Scarlett Rd
Candlebrook Crescent Park,13 Candlebrook Cres
Canmore Park,101 Canmore Blvd
Canoe Landing,95 Fort York Blvd
Capri Park,596 The East Mall
Caribou Park,99 Caribou Rd
Carlaw Avenue Parkette,805 Carlaw Ave
Carlton Park,20 Edith Ave
Carney Park,17 Carney Rd
Carsbrooke Park,415 Renforth Dr
Carscadden Greenbelt,32 Carscadden Dr
Carstowe Road Lands,151 Carstowe Rd
Cartwright School Park,100 Bentworth Ave
Casa Loma Parkette,328 A Walmer Rd
Cashman Park,4 Langmuir Cres
Cassandra Park,230 Cassandra Blvd
Cassels Avenue Playground,69 Cassels Ave
Castlefield Parkette,621 Castlefield Ave
Caswell Park,18 Caswell Dr
Cataraqui Park,15 Firvalley Crt
Cathedral Bluffs Park,24 Lyme Regis Cres
Cawthra Playground,355 Albany Ave
Cayuga Park,120 Cayuga Ave
Cedar Brook Park,91 Eastpark Blvd
Cedar Ridge Park,225 Confederation Dr
Cedargrove Park,100 Farmbrook Rd
Cedarvale Park,443 Arlington Ave
Centennial Park - Etobicoke,256 Centennial Park Rd
Centennial Park - Scarborough,225 Centennial Rd
Centre Park,15 Centre Ave
Chalkfarm Park,2230 Jane St
Champlain Parkette,50 Champlain Blvd
Chandos Park North,75 Lightbourn Ave
Chandos Park South,19 Chandos Ave
Chaplin Parkette,310 Chaplin Cres
Chapman Valley Park,60 Chapman Rd
Charles Brereton Park,306 Oakwood Ave
Charles Caccia Park,348 Nairn Ave
Charles G. Williams Park,75 Wabash Ave
Charles Sauriol Conservation Area,1191 Lawrence Ave E
Charles Sauriol Parkette,4 Hillside Dr
Charles Street Parkette,83 Charles St E
Charlotte Maher Parkette,550 Roehampton Ave
Charlottetown Park,65 Charlottetown Blvd
Charlton Park,166 Charlton Blvd
Chartland Park,99 Chartland Blvd S
Chartwell Park,99 Kenhatch Blvd
Chater Court Park,1 Chater Crt
Chatsworth Ravine,900 Duplex Ave
Chauncey - Islington Parkette,1116 Islington Ave
Chelsea Avenue Playground,103 Chelsea Ave
Cheltenham Park,43 Mildenhall Rd
Cherry Beach Clarke Beach Park,1 Cherry St
Cherry Beach Sports Fields,275 Unwin Ave
Chester Le Park,255 Chester Le Blvd
Chesterton Shores Park,Chesterton Shores
Chestnut Hills Park,1391 Islington Ave
Chipping Park,35 Chipping Rd
Chorley Park,245 Douglas Dr
Christ The King Park,475 Rathburn Road
Christie Pits Park,750 Bloor St W
Churchill Heights Park,60 Mountland Dr
Clairlea Park,45 Fairfax Cres
Clanton Park,30 Palm Dr
Clarence Square Park,25 Clarence Sq
Clarinda Park,31 Clarinda Dr
Clement Road Parkette,Clement Rd
Cliff Lumsdon Park,101 Lake Shore Dr
Cliffside Ravine,10 Delano Pl
Cliffwood Park,280 Cliffwood Rd
Close - Springhurst Parkette,70 Close Ave
Close Avenue Parkette,116 Close Ave
Cloud Gardens,14 Temperance St
Clovercrest Parkette,23 Clovercrest Rd
Cloverdale Park,85 Shaver Ave S
Clydesdale Park,116 Clydesdale Dr
Cobble Hills Parkette,6 Cobble Hills
Coe Hill Drive Parkette,110 Coe Hill Dr
Coleman Park,19 Coleman Ave
College Park,420 Yonge St
Collingsbrook Parkette,136 Collingsbrook Blvd
Collingwood Park,30 Collingwood St
Colonel Danforth Park,73 Colonel Danforth Trl
Colonel Samuel Smith Park,3145 Lake Shore Blvd W
Colonial Park,150 Bridlegrove Dr
Colony Park,2100 Martin Grove Rd
Columbus Parkette,1985 Dundas St W
Commander Park,140 Commander Blvd
Conacher Park,645 Conacher Dr
Confederation Park,250 Dolly Varden Blvd
Conlands Parkette,7 Conland Ave
Connaught Circle Parkette,Connaught Cir
Connorvale Park,281 Rimilton Ave
Constable Percy Cummins Parkette,235 Connolly St
Corktown Common,155 Bayview Ave
Cornell Park,18 Beran Dr
Coronation Park - Etobicoke,10 Judson St
Coronation Park - Toronto,711 Lake Shore Blvd W
Coronation Park - York,2700 Eglinton Ave W
Cortleigh Parkette,375 Cortleigh Blvd
Corvette Park,40 Corvette Ave
Cosburn Park,115 Roosevelt Rd
Cotswold Park,44 Cotswold Cres
Coulter Ave Parkette,15 Coulter Ave
Courthouse Square Park,10 Court St
Coxwell Avenue Parkette,429 Coxwell Ave
Coxwell Avenue Playground,450 Coxwell Ave
Coxwell Ravine Park,460 O'Connor Dr
Craigleigh Gardens,160 South Dr
Craigton Court Tot Lot,14 Craigton Dr
Crawford - Jones Memorial Park,80 Dee Ave
Creekside Park,3600 Bayview Ave
Crescentwood Park,35 Crescentwood Rd
Cresthaven Park,37 Cresthaven Dr
Crocus Park,165 Crocus Dr
Cronin Park,404 Burnhamthorpe Rd
Cruickshank Park,2196 Weston Rd
Cudia Park,70 Meadowcliffe Dr
Cullen Bryant Park,50 Barbara Cres
Cummer Park,823 Cummer Ave
Cummer Parkette,6024 Leslie St
Curran Hall Ravine Park,815 Scarborough Golf Club Rd
Curtin Park,34 Riverdale Dr
Cy Townsend Park,455 Winona Dr
Cynthia - Frimette Parkette,Cynthia Rd
Dalesford Park,95 Grand Ave
Dallington Park,32 Glentworth Rd
Dalrymple Park,59 Dalrymple Dr
DAN Lannuzzi Park,75 Delabo Dr
Dane Parkette,21 Dane Ave
Danforth - Birchmount Parkette,3625 Danforth Ave
Danforth Gardens Park,498 Birchmount Rd
Davenport Village Park,18 Foundry Ave
David A. Balfour Park,75 Rosehill Ave
David Crombie Park,131 The Esplanade
David Pecaut Square,215 King St W
De Grassi St Parkette (also known as Degrassi Street Park),125 De Grassi St
Dean Park,80 Dean Park Rd
Dean Park Walkway,65 Dean Park Rd
Deanvar Parkette,45 Deanvar Ave
Debell Lane Parkette,5 Debell Lane
Deekshill Park,2 Piperbrook Cres
Delahaye Parkette,29 Touraine Ave
Dell Park,50 Dell Park Ave
Delma Park,38 Delma Dr
Delo Park,26 Joyce Pkwy
Dempsey Park,250 Beecroft Rd
Denfield Park,1496 Kipling Ave
Denison Park,108 Denison Rd W
Dennis Flynn Park,370 The West Mall
Densgrove Park,75 Hiscock Blvd
Dentonia Park,80 Thyra Ave
Dentonia Park Golf Course,781 Victoria Park Ave
Derrydowns Park,222 Grandravine Dr
Diana Park,46 A Diana Dr
Dieppe Park,455 Cosburn Ave
Dixington Parkette,40 Dixington Cres
Dixon Park,350 Dixon Rd
Don Lake Parkette,145 Antibes Dr
Don Mills Trail,813 Lawrence Ave E
Don Russell Memorial Park,290 Birmingham St
Don Valley Brick Works,550 Bayview Ave
Don Valley Golf Course,4200 Yonge St
Donalda Park,80 Donalda Cres
Donnybrook Park,43 Loyalist Rd
Donora Park,17 Donora Dr
Donwood Park,35 Highbrook Dr
Doris - Norton Park,Doris Ave
Dorset Park,5 Glaive Dr
Douglas B. Ford Park,1521 Royal York Rd
Douglas Greenbelt,303 Douglas Ave
Douglas Park,481 Evans Ave
Dovercourt Park,155 Bartlett Ave
Downsview Dells Park,2515 Jane St
Downsview Memorial Parkette,1092 Wilson Ave
Downsview Park And Lawn Bowling Greens,1629 Wilson Ave
Driftwood Park,44 Tobermory Dr
Driftwood Parkette,359 Driftwood Ave
Drumoak Road Parkette,12 Drumoak Rd
Drumsnab Parkette,8 Drumsnab Rd
Dubray Parkette,28 Dubray Ave
Dufferin And King Park,256 Dufferin St
Dufferin Grove Park,875 Dufferin St
Duncairn Park,71 Duncairn Rd
Duncan C. Little Park,2532 St Clair Ave E
Duncan Creek Park,3700 Don Mills Rd
Duncan Mill Greenbelt,100 Moatfield Dr
Duncanwoods Greenbelt,2470 Finch Ave W
Dundas - St. Clarens Parkette,1717 Dundas St W
Dundas - Watkinson Parkette,2742 Dundas St W
Dundas Parkette,155 Boulton Ave
Dunfield Park,35 Dunfield Ave
Dunlace Park,28 Dunlace Dr
Dunlop Park,19 Dunlop Ave
Dunn Avenue Parkette,185 Close Ave
Dunvegan Parkette,160 Dunvegan Rd
Duplex Parkette,2906 Yonge St
E.T. Seton Park,73 Thorncliffe Park Dr
Earl Bales Park,4169 Bathurst St
Earlscourt Park,1200 Lansdowne Ave
East Don Parkland,1240 Sheppard Ave E
East Lynn Park,1949 Danforth Ave
East Mall Park,355 The East Mall
East Point Park,201 Copperfield Rd
East Toronto Athletic Field,175 Main St
Eastdale Parkette,110 Eastdale Ave
Eastdale Playground,160 Boulton Ave
Eastview Park,33 Coronation Dr
Echo Valley Park,1124 Kipling Ave
Ed And Anne Mirvish Parkette,843 Bathurst St
Eden Valley Park,107 Poplar Heights Dr
Edenbrook Park,1310 Royal York Rd
Edge Park,15 Edge Park Ave
Edgeley Park,4401 Jane St
Edgewood Park,107 Oakley Blvd
Edgewood Parkette,1987 Dundas St E
Edinborough Park,94 Edinborough Crt
Edithvale Park,136 Holcolm Rd
Edwards Gardens,755 Lawrence Ave E
Eglinton - Gilbert Parkette,504 Gilbert Ave
Eglinton Flats,101 Emmett Ave
Eglinton Park,200 Eglinton Ave W
Eglinton Ravine Park,2281 Eglinton Ave E
Eighth Street Park,160 Eighth St
Elizabeth Simcoe Park,180 Sylvan Ave
Elkhorn Parkette,2 Elkhorn Dr
Ellerslie Park,499 Ellerslie Ave
Ellesmere Park,20 Canadian Rd
Ellesmere Reservoir Park,2950 Ellesmere Rd
Ellison Park,50 Yeomans Rd
Elm Park - North York,230 Gosford Blvd
Elm Park - York,54 Elm St
Elmbrook Park,2 Elmbrook Cres
Elmcrest Park,575 Rathburn Rd
Elward - Mansion Parkette,35 Mansion Ave
Empress Parkette,433 Empress Ave
Empress Tot Lot,304 Empress Ave
Enfield Park,37 A Enfield Ave
Eringate Park,121 Wellesworth Dr
Erwin Krickhahn Park,121 Rankin Cres
Esther Lorrie Park,50 Westhumber Blvd
Etienne Brule Park,13 Crosby Ave
Etobicoke Valley Park,615 Horner Ave
Euclid Avenue Parkette,711 Euclid Ave
Evergreen Gardens Park,23 Evergreen Gdns
Exbury Park,128 Exbury Rd
Fairbank Memorial Park,2213 Dufferin St
Fairchild Parkette,51B Fairchild Ave
Fairfield Park,90 Lothian Ave
Fairford Avenue Parkette,68 Fairford Ave
Fairglen Park,16 Corinthian Blvd
Fairhaven Park,100 Golfwood Hts
Fairmeadow Parkette,37 Fairmeadow Ave
Fairmount Park,1725 Gerrard St E
Falstaff Park,50 Falstaff Ave
Fanfare Park,40 Fanfare Ave
Farmcrest Parkette,2485 Victoria Park Ave
Farquharson Park,250 Pitfield Rd
Father Caulfield Park,19 Cameron Cres
Felstead Avenue Playground,60 Felstead Ave
Fennimore Park,78 Fennimore Cres
Fenside Park,30 Slidell Cres
Fergy Brown Park,3700 Eglinton Ave W
Fernalroy Blvd Parkette,Fernalroy Blvd
Ferrand Drive Park,251 Ferrand Dr
Festival Park,200 Fisherville Rd
Fieldway Parkette,240 Van Dusen Blvd
Finch - Humberline Sportsfields,6897 Finch Ave W
Finch - Islington Park,2750 Islington Ave
Finch Parkette,Finch Ave
Fiona Nelson Parkette,45 Imperial St
Firgrove Park,254 Firgrove Cres
Firvalley Woods,656 Warden Ave
Flagstaff Park,42 Mercury Rd
Flemingdon Park,150 Grenoble Dr
Flemington Park,2 A Flemington Rd
Flora Voisey Park,67 Yachters Lane
Florence Gell Park,85 Varsity Rd
Forest Hill Road Park,179 A Forest Hill Rd
Fountainhead Park,445 Sentinel Rd
Four Oaks Gate Park,388 A O'Connor Dr
Frank Faubert Wood Lot,185 Borough Dr
Frank Stollery Parkette,1 Davenport Rd
Frankel - Lambert Park,340 Christie St
Franklin Park,138 Franklin Ave
Fraserwood Park,57 Fraserwood Ave
Fred Hamilton Playground,155 Roxton Rd
Fred Johnson Park,3630 Kingston Rd
Fred Young Park,440 Cook Rd
Frost Park,2051 Kipling Ave
Fundy Bay Park,190 Fundy Bay Blvd
Futura Parkette,175 Arleta Ave
G. Ross Lord Park,4801 Dufferin St
Gaffney Park,73 Terry Dr
Galloway Park,90 Galloway Rd
Gamble Park,150 Gamble Ave
Garden Avenue Parkette,34 Garden Park Ave
Garland Park,65 John Garland Blvd
Garnier Park,4 Garnier Crt
Garrison Common,100 Garrison Rd
Garrison Creek Park,1090 Shaw St
Garthdale Parkette,88 A Garthdale Crt
Gateway Greenbelt,20 Gateway Blvd
Gateway Park,40 East Liberty St
Geary Avenue Parkette,115 Geary Ave
George Ben Park,120 Roxton Rd
George Chater Parkette,465 Windermere Ave
George Hislop Park,20 Isabella St
George Milbrandt Parkette,3101 Yonge St
George Webster Park,30 Chapman Ave
Gerrard - Carlaw Parkette,855 Gerrard St E
Gibson Park,30 Park Home Ave
Gideon Parkette,16 Gideon Crt
Gihon Spring Park,75 Gihon Spring Dr
Giltspur Park,85 Magellan Dr
Giovanni Caboto Park,69 Heathrow Dr
Gladhurst Park,2 Elhurst Crt
Glamorgan Park,50 Antrim Cres
Glasgow Parkette,11 Glasgow St
Glebe Manor Square,51 Harwood Rd
Gledhill Park,125 Gledhill Ave
Glen Agar Park,331 Martin Grove Rd
Glen Cedar Park,50 Glen Cedar Rd
Glen Edyth Drive Parkette,2 Glen Edyth Dr
Glen Long Park,35 Glen Long Ave
Glen Park,44 A Eastglen Cres
Glen Park Parkette,596 Glen Park Ave
Glen Ravine Park,50 Gilder Dr
Glen Rouge Campground,7450 Kingston Rd
Glen Sheppard Park,905 Danforth Rd
Glen Stewart Park,351 Glen Manor Dr
Glendora Park,201 Glendora Ave
Glenellen Parkette,63 Glenellen Dr E
Glenlake Square,516 Glenlake Ave
Glenn Gould Park,480 Avenue Rd
Glenview Parkette,60 Glenview Ave
Godstone Park,45 Godstone Rd
Goldhawk Park,250 Goldhawk Trl
Golf Club Parkette,78 Ferncroft Dr
Gord And Irene Risk Park,2650 Finch Ave W
Goulding Park,80 Patricia Ave
Grace - College Parkette,Grace St
Gracedale Park,186 Gracedale Blvd
Gracefield Park,175 Gracefield Ave
Grafton Avenue Park,23 Roncesvalles Ave
Graham Park,11 Atlas Ave
Grand Avenue Park,1 Grand Ave
Grandravine Park,23 Grandravine Dr
Grange Park,317 Dundas St W
Grattan Park,52 Grattan St
Graydon Hall Park,215 Graydon Hall Dr
Green Hills Park,1 A Paulson Rd
Green Meadows Park - Etobicoke York,20 Newstead Rd
Green Meadows Park - North York,100 Green Meadows Cir
Greenbelt Park,25 Jessie Dr
Greenbrae Parkette,100 Greenbrae Crct
Greenfield Park,10 Wilmar Rd
Greenvale Park,10 Greenvale Ter
Greenwood Park,150 Greenwood Ave
Grey Abbey Park,180 Greyabbey Trl
Grey Abbey Ravine,144 Greyabbey Trl
Grey Parkette,122 Grey Rd
Greystone Park,845 Danforth Rd
Guild Park and Gardens,201 Guildwood Pkwy
Guildwood Village Park,219 Livingston Rd
Gulliver Park,55 Gulliver Rd
Gustav Parkette,45 Gustav Cres
Gwendolen Park,3 Gwendolen Cres
Gwendolyn Macewen Parkette,33 Walmer Rd
Habitant Park,3383 Weston Rd
Hague Park,300 Bellamy Rd N
Haimer Park,46 Haimer Ave
Halbert Park,24 Rockwood Dr
Hampshire Heights Park,231 Martin Grove Rd
Haney Park,10 Haney Ave
Harbour Square Park Lands,25 Queens Quay W
Harding Park,59 Hearst Cir
Harlandale Parkette,206 Harlandale Ave
Harold Town Park,725 Church St
Harrison Park,Wimpole Dr
Harrison Properties,1845 Kingston Rd
Harryetta Gardens,170 Torresdale Ave
Hartfield Court Parkette,50 Hartfield Crt
Harvest Moon Park,70 Old Finch Ave
Harwood Park,51 Leigh St
Havenbrook Park,15 Havenbrook Blvd
Havendale Park,5 Belgreen Ave
Haverson Park,65 Woodenhill Crt
Hawksbury Park,1 A Hawksbury Dr
Healey Willan Park,504 Euclid Ave
Hearst Circle Parkette,108 Hearst Cir
Heart Park,1400 Avenue Rd
Hearthstone Valley Greenbelt,21 A Hearthstone Cres
Heather Heights Woods,125 Milford Haven Dr
Heathercrest Park,19 Storey Cres
Heathrow Park,69 Heathrow Dr
Hendon Park,50 Hendon Ave
Henrietta Park,1 A Henrietta St
Heron Park,292 Manse Rd
Hickorynut Parkette,87 Hickorynut Dr
Hidden Trail Park,506 Hidden Trl
Hideaway Park,23 Audley Ave
High Level Pumping Station And Park,300 Macpherson Ave
High Park,1873 Bloor St W
Highfield Park,68 Stevenson Rd
Highland Creek Community Park,3500 Ellesmere Rd
Highland Creek Parkette,6115 Kingston Rd
Highland Heights Park,50 Castle Hill Dr
Highview Park,150 Highview Ave
Hillcrest Park,950 Davenport Rd
Hilldowntree Parkette,16 Hilldowntree Rd
Hillhurst Parkette,254 Hillhurst Blvd
Hillingdon - Woodrow Parkette,64 Woodrow Ave
Hillmount Parkette,393 Hillmount Ave
Hillsborough Park,94 Corporate Dr
Hillsdale Avenue Parkette,32 Hillsdale Ave E
Hillside Park,185 Hillside Ave
Hinder Area,44 Don River Blvd
Hobart Park,39 Hobart Dr
Holley Park,2335 Weston Rd
Hollis - Kalmar Park,146 Kalmar Ave
Home Smith Park,4101 Dundas St W
Hoptree Park,15 Hoptree Ave
Horseley Hill Park,145 Horseley Hill Dr
Horsham Parkette,159 Horsham Ave
Horton Park,15 Oswego Rd
Howard Talbot Park,635 Eglinton Ave E
Hto Park,339 Queens Quay W
Hto Park West,375 Queens Quay W
Hullmar Park,97 Hullmar Dr
Humber Arboretum,955 Humberwood Blvd
Humber Bay Park East,100 Humber Bay Park Rd W
Humber Bay Park West,2225 Lake Shore Blvd W
Humber Bay Promenade Park,2195 Lake Shore Blvd W
Humber Bay Shores Park,15 Marine Parade Dr
Humber Gate Park,47 Turnvale Rd
Humber Marshes,2595 Bloor St W
Humber Sheppard Park,3100 Weston Rd
Humber Valley Golf Course,40 Beattie Ave
Humber Valley Park,54 Anglesey Blvd
Humberline Park,32 Humberline Dr
Humberside Grounds,230 Glendonwynne Rd
Humbertown Park,7 Wimbleton Rd
Humberview Park,30 Panorama Crt
Humberwood Park,850 Humberwood Blvd
Humewood Park,37 Humewood Dr
Hummingbird Park,40 Oasis Blvd
Hunters Glen Park,35 Marcos Blvd
Huntsmill Park,201 Huntsmill Blvd
Hupfield Park,85 Hupfield Trl
Huron - Washington Parkette,420 Huron St
Huron Street Playground,495 Huron St
Indian Line Park,655 Humberwood Blvd
Inglewood Heights Park,91 Allanford Rd
Inglewood Parkette,Inglewood Dr
Ionview Park,110 Ionview Rd
Ireland Park,5 Eireann Quay
Irene Avenue Parkette,760 Shaw St
Irma Burman Greenbelt Park,20 Tallpines Crt
Iroquois Park,295 Chartland Blvd S
Irving Paisley Park,2539 A Bayview Ave
Irving W. Chapley Park,205 Wilmington Ave
Isabella Valancy Crawford Park,299 Front St W
Islington Heights Park,26 A Bywood Dr
Islington Park,19 Franel Cres
Ivan Forrest Gardens,131 Glen Manor Dr
J.A. Leslie Tot Lot,425 Midland Ave
J.T. Watson Park,605 Ridelle Ave
Jack Evelyn Wiggins Park,51 Leitch Ave
Jack Goodlad Park,929 Kennedy Rd
Jackson Parkette,104 A The Kingsway
James Canning Gardens,15 Gloucester St
James Gardens,61 A Edgehill Rd
James Trimbee Park,25 Plainfield Rd
Janda Park,15 Quinella Dr
Jane Osler Park,Cartwright Ave
Janellan Ravine Park,199 Beechgrove Dr
Jay Macpherson Green,255 Avenue Rd
Jean Augustine Park,2115 Lake Shore Blvd W
Jean Sibelius Square,50 Kendal Ave
Jeanette Park,65 R Jeanette St
Jeff Healey Park,19 Delroy Dr
Jeff Sloan Playground,137 R Kingston Rd
Jennifer Kateryna Koval's'kyj Park,2 Polson St
Jesse Ketchum Park,1310 Bay St
Jim McPherson Park,1255 Victoria Park Ave
Jimmie Simpson Park,870 Queen St E
Joel Swirsky Parkette,20 Joel Swirsky Blvd
Joel Weeks Park,10 Thompson St
John Chang Neighbourhood Park,50 Colgate Ave
John Street Parkette,148 John St
John Tabor Park,240 John Tabor Trl
Jolly Miller Park,3995 Yonge St
Jonathan Ashbridge Park,1515 Queen St E
Joseph Bannon Park,65 Mary Chapman Blvd
Joseph Burr Tyrrell Park,10 Dalton Rd
Joseph Sheard Parkette,11 Granby St
Joseph Workman Park,90 Shank St
Joshua Cronkwright Parkette,504 Dawes Rd
Joyce Park,62 Joyce Pkwy
Joyce Trimmer Park,8450 Sheppard Ave E
Julius Deutsch Park,40 Cecil St
June Callwood Park,636 Fleet St
June Rowlands Park,220 Davisville Ave
Kay Gardner Beltline Park,378 Mount Pleasant Rd
Kay Park,32 Cathy Jean Cres
Keele - Mulock Parkette,595 Keele St
Keele Reservoir,4995 Keele St
Keelesdale North Park,415 Black Creek Dr
Keelesdale South Park,95 Black Creek Dr
Kelsonia Parkette,167 Midland Ave
Kempford Parkette,15 Santa Barbara Rd
Kempton Howard Park,150 Blake St
Kenaston Gardens Parkette,12 Kenaston Gdns
Kenaston Park,573 Sheppard Ave E
Kennard Parkette,183 Kennard Ave
Kennedy - Lawrence Parkette,60 Mike Myers Dr
Kennedy - Margdon Parkette,24 Kennedy Park Rd
Kennedy Parkette,2799 Kennedy Rd
Kenneth Park,417 Kenneth Ave
Kenway Park,3431 Bloor St W
Kenworthy Park,2 A Kenworthy Ave
Kew Gardens,2075 Queen St E
Kidstown - Water Park,3159 Birchmount Rd
Kildonan Park,Glenn Morrow Mews
Kilgour Parkette,1 Kilgour Road
King Georges - Keele Parkette,King George's Dr
King's Mill Park,9 Catherine St
Kingsview Park,46 Kingsview Blvd
Kingsway Gate Parkette,2 The Kingsway
Kinsdale Park,3 Kinsdale Blvd
Kirkdene Park,100 Kirkdene Dr
Kirkwood Park,25 Kirkwood Rd
Kitchener Park,20 Lorraine Ave
Kiwanis Parkette,1410 Pape Ave
Knights Of Columbus Park,60 San Gabriele Pl
Knightswood Rd Park,40 Knightswood Rd
Knob Hill Park,625 Brimley Rd
Knott Park,1 A Deblyn Dr
Knottwood Park,40 Pogonia St
La Rose Park,65 La Rose Ave
Laburnham Park,100 Twenty Sixth St
Lake Crescent Park,55 Lake Cres
Lake Crescent Road End Parkette,2 Lake Cres
Lakeridge Parkette,46 Lakeridge Dr
Lakeshore Boulevard Parklands,1389 Lake Shore Blvd W
Lakeshore Village Park,46 Garnett Janes Rd
Lakeview Avenue Parkette,2 Lakeview Ave
Lambeth Crescent Parkette,27 Lambeth Cres
Lambton Park,4100 Dundas St W
Lambton Woods,1185 Royal York Rd
Lambton-Kingsway Park,37 Marquis Ave
L'Amoreaux North Park,1900 Mcnicoll Ave
L'Amoreaux Sports Complex,100 Silver Springs Blvd
Langdale Court Greenbelt,107 Driftwood Ave
Langford Parkette,26 Langford Ave
Langholm Park,14 Langholm Dr
Lanyard Park,138 Lanyard Rd
Laredo Park,33 Laredo Crt
Larratt Parkette,221 Forest Hill Rd
Larry Sefton Park,500 Bay St
Laughlin Park,420 Atlas Ave
Laura Ellis Park,30 Laura Ellis Crt
Laurentide Park,110 Laurentide Dr
Lavery Trail Park,40 Lavery Trl
Lawren Harris Park,145 Rosedale Valley Rd
Lawrence Heights Park,3 B Flemington Rd
Lawrence Park And Ravine,51 Alexander Muir Rd
Lawton Parkette,1600 Yonge St
Leaside Park,5 Leaside Park Dr
Leavenworth Parkette,Leavenworth Cres
Ledbury Park,160 Ledbury St
Lee Centre Park,112 Corporate Dr
Len Braithwaite Park,490 Silverstone Dr
Lenford Park,295 Lake Promenade
Leonard Linton Park,135 Vanderhoof Ave
Les Anthony Parkette,5 Dunkirk Rd
Lescon Park,39 Glentworth Rd
Leslie Grove Park,1158 Queen St E
Leslie Park,5200 Leslie St
Lessard Park,52 Lessard Ave
Leyton Tot Lot,100 Prairie Dr
Liberty Village Park,70 East Liberty St
Lillian H. Smith Park,180 Huron St
Lillian Park,227 Otonabee Ave
Lindylou Park,14 Lanyard Rd
Linkwood Lane Park,10 Linkwood Lane
Linkwood Lane Parkette,400 Linkwood Lane
Linus Park,125 Seneca Hill Dr
Lionel Conacher Park,80 Cottingham St
Lion's Gate Park,58 Waterford Dr
Lissom Park,338 Homewood Ave
Lithuania Park,155 Oakmount Rd
Little Norway Park,659 Queens Quay W
Little Trinity Church Lands,417 King St E
Little York Parkette,58 Norwood Ter
Littles Park,30 Littles Rd
Livingstone Park,21 Woodville Ave
Lloyd Manor Park,147 Lloyd Manor Rd
Lochleven Park,50 Lochleven Dr
Logan Avenue Parkette,916 Logan Ave
Long Branch Park,245 Lake Promenade
Long Branch Park & Cenotaph,23 Long Branch Ave
Longmore Park,196 Dunview Ave
Longwood Park,38 Longwood Dr
Lora Hill Park,36 Fernalroy Blvd
Lord Roberts Woods,155 Lord Roberts Dr
Lord Seaton Park,168 Upper Canada Dr
Loring - Wyle Parkette,276 St Clair Ave E
Lorraine Drive Park,29 Lorraine Dr
Louise Russo Park,42 Flindon Rd
Love Crescent Parkette,16 Love Cres
Lower Don Parklands,44 Beechwood Dr
Lucy Maud Montgomery Park,222 Riverside Dr
Lucy Tot Lot,2 Sneath Ave
Lusted Park,75 Painted Post Dr
Lynedock Park,29 Lynedock Cres
Lynmont Park,10 Four Leaf Dr
Lynndale Parkette,10 Lynndale Cres
Lynngate Park,133 Cass Ave
Lytton Park,200 Lytton Blvd
Maberley Parkette,76 Maberley Cres
Macgregor Playground,346 Lansdowne Ave
Macklin Hancock Park,990 Lawrence Ave E
Macpherson Avenue Parkette,205 Macpherson Ave
Madelaine Park,20 Madelaine Ave
Magwood Park,2 Pasadena Gdns
Maher Circle Parkette,Maher Ave
Maidavale Park,1031 Birchmount Rd
Main Sewage Treatment Playground,1091 Eastern Ave
Major Abbas Ali Park,180 Mclevin Ave
Mallaby Park,2394 Weston Rd
Mallory Green,33 Mallory Cres
Mallow Park,8 Mallow Rd
Malta Park,3179 Dundas St W
Malvern Park,36 Sewells Rd
Malvern Woods,7600 Sheppard Ave E
Manchester Park,75 Manchester St
Manhattan Park,90 Manhattan Dr
Manor Park,Parkway Forest Dr
Manse Road Park,440 Coronation Dr
Maple Claire Park,20 Viella St
Maple Leaf Forever Park,62 Laing St
Maple Leaf Park,320 Culford Rd
Maplehurst Park,296 Maplehurst Ave
Marble Hill Parkette,22 A Ennerdale Rd
Margaret Fairley Park,100 Brunswick Ave
Maria Street Parkette,270 Maria St
Marian Engel Park,285 Melita Ave
Marie Baldwin Park,746 Jane St
Marie Curtis Park,2 Forty Second St
Marilyn Bell Park,1095 Lake Shore Blvd W
Market Garden Mews,25 Market Garden Mews
Market Lane Park,149 King St E
Marlborough Place Parkette,100 Marlborough Ave
Martin Grove Gardens Park,31 Lavington Dr
Maryland Park,19 Maryland Blvd
Maryvale Park,5 Trestleside Grv
Masaryk Park,212 Cowan Ave
Mason Road Park,11 Stanland Dr
Massey Harris Park,945 King St W
Masseygrove Park,80 Kendleton Dr
Matt Cohen Park,725 Spadina Ave
Matty Eckler Playground,953 Gerrard St E
Maughan Crescent Parkette,37 Maughan Cres
Maureen Parkette,2 Maureen Dr
Maurice J. Breen Park,26 Forty Third St
Maxome Park,67 Maxome Ave
Maxwell Park,Dellbank Rd
Maywood Tot Lot,33 Maywood Pk
Mc Cleary Playground,80 Mc Gee St
McAllister Park,31 Mcallister Rd
McCaul - Orde Park,235 Mc Caul St
McCleary Park,755 Lake Shore Blvd E
McCormick Park,66 Sheridan Ave
McCowan District Park,150 Mccowan Rd
McCowan Park,475 Mccowan Rd
McDairmid Woods Park,51 Rubic Cres
McGill Parkette,415 Yonge St
McGregor Park,2231 Lawrence Ave E
McKee Parkette,21 Church Ave
McKenzie John Parkette,293 Doris Ave
McLevin Woods Park,375 Mclevin Ave
McNicoll Park,215 Mcnicoll Ave
Measurement Park,1167 Eastern Ave
Megan Park,4667 Kingston Rd
Mel Lastman Square,5100 Yonge St
Melbourne Avenue Parkette,7 Melbourne Ave
Memorial Park - North York,340 Chaplin Cres
Memorial Park - York,22 Little Ave
Merrill Bridge Road Park,1 East Lynn Ave
Merrill Park,5 Merrill Ave
Michael Power Park,5055 Dundas St W
Midvale Parkette,23 Midvale Rd
Mike Bela Park,1 Banbury Rd
Miles Road End Parkette,4 Miles Rd
Mill Valley Park,412 Mill Rd
Milliken District Park,5555 Steeles Ave E
Millstone Parkette,1 Plymbridge Rd
Millwood Park,222 Mill Rd
Milner Parkette,675 Church St
Mimico Memorial Park,75 Hillside Ave
Mimico Waterfront Park,29 Norris Cres
Misty Hills Park,57 Misty Hills Trl
Mitchell Field Park,89 Church Ave
Moatfield Farm Park,300 Lesmill Rd
Moccasin Trail Park,55 Green Belt Dr
Monarch Park,115 Felstead Ave
Moncur Playground,10 Gainsborough Rd
Mondeo Park,80 Mondeo Dr
Montclair Avenue Parkette,48 Montclair Ave
MOORE PARK - North York,110 Cactus Ave
Moore Park Ravine,205 Moore Ave
Mooregate Tot Lot,164 Treverton Dr
Moorevale Park,175 Moore Ave
Moreau Trail Park,35 Herron Ave
Morningside Park,390 Morningside Ave
Morse Street Playground,76 Morse St
Moss Park,150 Sherbourne St
Mossgrove Park,57 Mossgrove Trl
Mount Pleasant Parkette,441 Mount Pleasant Rd
Mount Royal Parkette,49 Mount Royal Ave
Mourning Dove Park,98 Mourning Dove Cres
Muir Park,66 Martindale Rd
Muirhead Park,65 Muirhead Rd
Muirlands Park,40 Muirlands Dr
Municipal Park,25 Ansell Ave
Murison Park,99 Murison Blvd
Natal Park,110 Natal Ave
Nathan Phillips Square,100 Queen St W
Neil McLellan Park,263 Beresford Ave
Neilson Park - Etobicoke,56 Neilson Dr
Neilson Park - Scarborough,1555 Neilson Rd
Nesbitt Park,69 Nesbitt Dr
Newgate Parkette,126 Elm Ridge Dr
Newton Parkette,293 Newton Dr
Newtonbrook Park,935 Willowdale Ave
Nicol Macnicol Parkette,1 Elm Ridge Cir
Nightstar Park,18 Nightstar Rd
Noble Park,70 Sandcliff Rd
Nordheimer Ravine,326 Spadina Rd
Norman Jewison Park,13 Isabella St
Norseman Heights Park,100 Chartwell Rd
North Agincourt Park,61 Moran Rd
North Bendale Park,40 Erinlea Cres
North Bridlewood Park,11 Adencliff Rd
North Humber Park,2851 Kipling Ave
North Kipling Park,2729 Kipling Ave
North Mimico Valley Park,48 Galaxy Blvd
North Park,587 Rustic Rd
Northend Parkette,2393 Weston Rd
Northern Linear Park,4 Blue Jays Way
Northtown Park,435 Doris Ave
Northumberland Playground,770 Ossington Ave
Northwood Park,140 Stilecroft Dr
Norwood Park,16 Norwood Rd
Oak Street Park,165 River St
Oakcrest Parkette,30 Oakcrest Ave
Oakdale Park,350 Grandravine Dr
Oakdale Village Park,95 Fred Young Dr
Oakridge Park,3459 Danforth Ave
Oates Park,10 Oates Dr
Old Forest Hill Parkette,51 Old Forest Hill Rd
Old Mill Parkette,5 Old Mill Rd
Old Mill Site Park,5 Catherine St
Old Orchard Park,465 Old Orchard Grv
Old Sheppard Park,101 Old Sheppard Ave
Old Yonge Parkette,143 Old Yonge St
Olive Square Park,5575 Yonge St
Olympia Park,50 Olympia Dr
Olympic Park,222 Bremner Blvd
Ontario Street Parkette,227 Ontario St
Opera Place,25 Breadalbane St
Orchard Park,1987 Dundas St E
Oriole Park - North York,2955 Don Mills Rd
Oriole Park - Toronto,201 Oriole Pkwy
Ormskirk Park,33 Ormskirk Crt
O'Shea Walkway,36 O'shea Cres
Osler Playground,123 Argyle St
Ourland Park,18 Ourland Ave
Owen Park,150 Gordon Rd
Page Parkette,23 Valliere Pl
Palace Pier Park,1 Palace Pier Crt
Panorama Park,11 Farr Ave
Pantry Park,70 Kewbeach Ave
Paperbirch Walkway,48 A Paperbirch Dr
Park Lawn Park,330 Park Lawn Rd
Parkview Gardens Parkette,34 Parkview Gdns
Parkview Park,355 Parkview Ave
Parkway Forest Park,80 Parkway Forest Dr
Parliament Square Park,44 Parliament St
Parma Park,99 Parma Crt
Paul Garfinkel Parkette,1071 Queen St W
Paul Kane House Parkette,56 Wellesley St E
Paul Martel Park,10 Madison Ave
Pearen Park,30 Pearen St
Pelham Avenue Playground,20 Pelham Ave
Pellatt Parkette,325 Pellatt Ave
Pelmo Park,171 Pellatt Ave
Pemberton Parkette,89 Pemberton Ave
Percy Park,12 Percy St
Perth Avenue Parkette,160 Perth Ave
Perth Square Park,350 Perth Ave
Peter Secor Park,235 Coronation Dr
Peter Street Basin Park,370 Queens Quay W
Phin Avenue Parkette,115 Condor Ave
Picasso Park,9 Picasso Rd
Pine Point Park,4 Conan Rd
Pinery Park,78 Pinery Trl
Pinetree Park,55 Applemore Rd
Pineway Park,110 Pineway Blvd
Pinto Park,21 Pinto Dr
Playter Gardens,4 Cambridge Ave
Pleasantview Park,61 Pleasant View Dr
Plowshare Park,54 Plowshare Cres
Plunkett Park,188 Plunkett Rd
Point Rouge Trail Park,200 Staines Rd
Poplar Park,40 Wooster Wood
Poplar Plains Parkette,125 Boulton Dr
Port Royal Park,50 Port Royal Trl
Port Union Village Common Park,105 Bridgend St
Port Union Waterfront Park,169 Chesterton Shores
Portage Gardens Park,400 Sidney Belsey Cres
Pottery Playground,601 Merton St
Prairie Drive Park,70 Prairie Dr
Prescott Parkette,20 Prescott Ave
Pricefield Road Playground,50 Pricefield Rd
Primrose Avenue Parkette,120 Primrose Ave
Primula Parkette,86 Primula Cres
Prince Charles Park,36 Prince Charles Dr
Prince Edward Viaduct Parkette,725 Bloor St E
Prince Of Wales Park,1 Third St
Princess Anne Park,18 Prince George Dr
Princess Margaret Park,1297 Kipling Ave
Princess Park,214 Doris Ave
Princess Street Park,18 A Princess St
Pringdale Ravine (Pringdale Dream Parkette),141 Thicketwood Dr
Progress Avenue Park,705 Progress Ave
Queens Avenue Parkette,94 Superior Ave
Queen's Greenbelt,600 Queen's Dr
Queen's Park,110 Wellesley St W
Queensland Park,35 Nordin Ave
Queensway Park,8 Avon Park Dr
R.V. Burgess Park,46 Thorncliffe Park Dr
Rainbow Park,182 Rory Rd
Rajah Park,117 Rajah St
Ramsden Park,1020 Yonge St
Ranchdale Park,44 Ranchdale Cres
Randy Padmore Park,47 Denison Ave
Ranee Park,326 Ranee Ave
Ravenscrest Park,305 Martin Grove Rd
Ravina Gardens,290 Clendenan Ave
Raymore Park,95 Raymore Dr
Reading Sprouts Garden,77 Whitbread Cres
Rean Park,7 Rean Dr
Redbank Greenbelt,99 Culford Rd
Redgrave Park,48 Redgrave Dr
Redpath Avenue Parkette,130 Erskine Ave
Rees Street Park,238 Queens Quay W
Regan Park,9310 Sheppard Ave E
Regent Park,600 Dundas St E
Regent Park - Etobicoke,75 Regent St
Regent Park Boulevard Park,81 Regent Park Blvd
Regent Park North,620 Dundas St E
Regent Park South Ice Rink,480 Shuter St
Regents Park,115 Westbourne Ave
Reid Manor Park,65 Reid Manor
Remberto Navia Sport Fields,65 Norfinch Dr
Rennie Park,1 Rennie Ter
Rexdale Park,6 Drumheller Rd
Rexlington Park,30 Bergamot Ave
Ricardo Parkette,180 Maple Leaf Dr
Richmond Park,75 Richmond Park Blvd
Richview Park,59 Clement Rd
Ridge Park,85 Ridge Rd
Ridgewood Parkette,24 Ridgewood Rd
Ring Road Linear Park,139 Doris Ave
Rippleton Park,45 Banbury Rd
Rita Cox Park,14 Machells Ave
Ritchie Avenue Parkette,77 Ritchie Ave
Riverdale Park East,550 Broadview Ave
Riverdale Park West,375 Sumach St
Riverlea Park,919 Scarlett Rd
Riverside Drive Parkette,38 South Kingsway
Robert Bateman Parkette,281 Chaplin Cres
Robert Hicks Park,39 Robert Hicks Dr
Robert Leek Park,3 Hanover Rd
Robert Street Playground,60 Sussex Ave
Robertson Davies Park,275 Avenue Rd
Robertson Parkette,1555 Danforth Ave
Rockford Park,70 Rockford Rd
Roding Park,600 Roding St
Ron Watson Park,140 Bonis Ave
Rosa And Spencer Clarke Parkette,61 Guildwood Pkwy
Rose Valley Park,70 Black Creek Blvd
Rosebank Park,1051 Progress Ave
Rosedale Park,20 Scholfield Ave
Rosemary Parkette,225 Rosemary Rd
Rosemount Gardens Parkette,255 Queenslea Ave
Roseneath Park,15 Glenhurst Ave
Rosethorn Park,26 Remington Dr
Rosetta McClain Gardens,5 Glen Everest Rd
Rotary Peace Park,25 Eleventh St
Rouge Neighbourhood Park,196 Dean Park Rd
Rouge Park,50 Twyn Rivers Dr
Rouge Park - Rouge Beach Park,195 Rouge Hills Dr
Roundhouse Park,255 Bremner Blvd
Rowatson Park,37 Rowatson Rd
Rowena Park,75 Rowena Dr
Rowntree Mills Park,155 Rowntree Mill Rd
Roxborough Parkette,30 Roxborough Dr
Roxton Road Parkette,45 Roxton Rd
Royal Crest Park,50 Cabernet Cir
Royal Rouge Tot Lot,45 Royal Rouge Trl
Roycroft Park Lands,150 Boulton Dr
Roywood Park,2 Roywood Dr
Ruddington Park,75 Ruddington Dr
Runnymede Park,221 Ryding Ave
Rustic Park,35 Raven Rd
Ryerson Community Park,50 Gould St
S.A.D.R.A. Park,455 Old Weston Rd
Sackville Playground,420 King St E
Saddletree Park,50 Saddletree Dr
Sadler Parkette,5 Sadler Dr
Salem Parkette,9 Salem Ave
Sally Bird Park,194 Brunswick Ave
Sand Beach Road Parkette,2 Sand Beach Rd
Sandover Park,10 Sandover Dr
Sandown Park,50 Natal Ave
Sandra - St Clair Parkette,4 Sandra Rd
Sandy Bruce Park,426 Moore Ave
Sanwood Park,20 Sanwood Blvd
Saulter Street Parkette,25 Saulter St
Saunders Crescent Parkette,620 Royal York Rd
Sawley Banstock Greenbelt,6 Banstock Dr
Scarborough Bluffs Park,61 Undercliff Dr
Scarborough Heights Park,27 Fishleigh Dr
Scarborough Village Park,23 Gatesview Ave
Scarden Park,1649 Warden Ave
Scarlett - St. Clair Parkette,St Clair Ave W
Scarlett Bridge Parkette,Scarlett Rd
Scarlett Heights Park,24 Fontenay Crt
Scarlett Mills Park,235 Edenbridge Dr
Scarlett Woods Golf Course,1000 Jane St
Scotia Parkette,3 Medford Ave
Seasons Park,40 Seasons Dr
Seaton Park,14 Albany Ave
Secor Memorial Park,469 Markham Rd
Seeley Greenbelt,23 Seeley Dr
Senator Peter Bosa Parkette,725 Vaughan Rd
Seneca Hill Park,620 Seneca Hill Dr
Seneca Village Park,1700 Finch Ave E
Sentinel Park,295 Sentinel Rd
Serena Gundy Park,134 Rykert Cres
Sergeant Ryan Russell Parkette,250 Avenue Rd
Seven Oaks Park,372 Military Trl
Severn Creek Park,8 R Cluny Dr
Seville Avenue Parkette,246 The West Mall
Shallmar Parkette,13 Shallmar Blvd
"Shawn ""Blu"" Rose Park",30 Empringham Dr
Shawnee Park,81 Shawnee Cir
Sheppard East Park,229 Glendora Ave
Shepton Way Park,115 Sanwood Blvd
Sherbourne Common,5 Lower Sherbourne St
Sherwood Park,190 Sherwood Ave
Shoreham Park,2 Shoreham Crt
Silver Creek Park,44 Strathdee Dr
Silverhill Park,70 Silverhill Dr
Silverstone Park,160 Silverstone Dr
Silverview Park,23 Silverview Dr
Silvio Colella Park,20 Laura Rd
Simcoe Park,255 Wellington St
Sir Adam Beck Park,55 Eltham Dr
Sir Casimir Gzowski Park,2001 Lake Shore Blvd W
Sir Winston Churchill Park,301 St Clair Ave W
Sisken Trail Park,157 Staines Rd
Six Points Park,10 Viking Lane
Sixth Street Park,270 Sixth St
Skeens Lane Parkette,8 Twenty Ninth St
Skymark Park,3500 Don Mills Rd
Smithfield Park,173 Mount Olive Dr
Smithwood Park,79 Smithwood Dr
Smythe Park,61 Black Creek Blvd
Snider Parkette,2 Lytton Blvd
Snowhill Park,15 Snowhill Cres
Sonya's Parkette,63 Oxford St
Sorauren Avenue Park,289 Sorauren Ave
South Humber Park,120 The Queensway
South Kingsway Parkette,150 South Kingsway
South Marine Drive Park,5 Rogate Pl
Southern Linear Park,350 Lake Shore Blvd W
Southwell Park,25 Southwell Dr
Spadina Park,486 Davenport Rd
Spadina Quay Wetlands,441 Queens Quay W
Spadina Road Park,322 Spadina Rd
Spencer - Cowan Parkette,80 Spencer Ave
Spenvalley Park,130 Spenvalley Dr
Spinney Greenbelt,10 Spinney Crt
Spring Garden Park,32 Meadow Crest Rd
Spring Garden Parkette,Spring Garden Ave
Springhurst Parkette,Springhurst Ave
St. Alban's Square,90 Howland Ave
St. Andrews Park - North York,11 Knollwood St
St. Andrews Park - Scarborough,50 Brimorton Dr
St. Andrew's Playground,450 Adelaide St W
St. Clair Gardens,3 Prescott Ave
St. Clements - Yonge Parkette,14 St Clements Ave
St. Hilda's Parkette,1817 Eglinton Ave W
St. James Park,120 King St E
St. Jamestown West Park,589 Sherbourne St
St. Lucie Park,3300 Weston Rd
St. Margarets Parkette,4138 Lawrence Ave E
St. Mary Street Parkette,26 St Mary St
St. Patricks Square,14 St Patricks Sq
St. Phillips Road Parkette,98 Dixon Rd
St. Stevens Court Parkette,2 St Stevens Crt
Stadium Road Park,10 Stadium Rd
Stafford Park,100 Stafford Rd
Staines Parkette,230 Staines Rd
Stan Wadlow Park,888 Cosburn Ave
Stanley Avenue Park,55 Station Rd
Stanley G. Grizzle Park,21 Chisholm Ave
Stanley Park,27 Stanley Rd
Stanley Park North - Toronto,890 King St W
Stanley Park South - Toronto,700 Wellington St W
Starry Park,505 Staines Rd
Stephen Leacock Park,2530 Birchmount Rd
Stephenson Park,61 Stephenson Ave
Stewart A. McGregor Parkette,85 Mason Blvd
Stonehouse Park,671 Martin Grove Rd
Stratford Park,2100 Bayview Ave
Strathburn Park,55 Strathburn Blvd
Stuart Greenbelt,15 Stuart Ave
Sugar Beach Park,11 Dockside Dr
Sumach - Shuter Parkette,485 Shuter St
Summerlea Park,2 Arcot Blvd
Sunfield Park,139 Sunfield Rd
Sunnybrook Park,1132 Leslie St
Sunnybrook Parkette,25 Sunnybrook Rd
Sunnydale Acres Park,50 Amoro Dr
Sunnydene Park,1958 Bayview Ave
Sunnylea Park,195 Prince Edward Dr S
Sunnypoint - Neilson Park,55 Sunnypoint Cres
Sunnyside Bike Park,3 Ellis Ave
Sunnyside Park,1755 Lake Shore Blvd W
Superior Park,1 Y Superior Ave
Susan Tibaldi Parkette,620 Brock Ave
Suydam Park,22 Relmar Rd
Sweeney Park,110 Sweeney Dr
Sylvan Park - Gates Gully,55 Sylvan Ave
Symes - Viella Parkette,66 Symes Rd
Symington Avenue Playground,431 Perth Ave
Tabor Hill Memorial Park,525 Bellamy Rd N
Taddle Creek Park,40 Bedford Rd
Talara Park,35 Talara Dr
Tallpines Park,64 Rylander Blvd
Talwood Park,36 Talwood Dr
Tam Heather Country Club Grounds,50 Bonspiel Dr
Tam O'Shanter Golf Course,2481 Birchmount Rd
Tamarisk Park,47 Kiskadee Dr
Tanis Cres Woodlot,30 Tanis Cres
Tapscott Woodlot,271 Tapscott Rd
Taylor Creek Park,260 Dawes Rd
Telfer Park,71 Pinery Trl
Terraview Park,1625 Pharmacy Ave
Terry Fox Park,300 Bamburgh Cir
Thackeray Park,2955 Kipling Ave
The Elms Park,25 Auburndale Crt
The Gore,701 Fleet St
The Mission Ground Parkette,399 Merton St
The Rail Garden,450 Woodfield Rd
The Tollkeeper's Park,750 Davenport Rd
Thirty-Eighth Street Park,351 Lake Promenade
Thistletown Park,1265 Albion Rd
Thompson Street Parkette,120 Broadview Ave
Thomson Memorial Park,1005 Brimley Rd
Thorogood Gardens,53 Allen Ave
Three Valleys Park,82 Three Valleys Dr
Tichester Park,21 Tichester Rd
Timberbank Park,240 Timberbank Blvd
Tiverton Avenue Parkette,45 Tiverton Ave
Todmorden Mills Park,67 Pottery Rd
Tom Riley Park,4725 Dundas St W
Tommy Thompson Park,1 Leslie St
Topcliff Park,75 Topcliff Ave
Topham Park,181 Westview Blvd
Toronto Inukshuk Park,789 Lake Shore Blvd W
Toronto Islands - Algonquin Island Park,9 Queens Quay W
Toronto Islands - Centre Island Park,9 Queens Quay W
Toronto Islands - Hanlan's Point Park,9 Queens Quay W
Toronto Islands - Island Park,9 Queens Quay W
Toronto Islands - Olympic Island Park,9 Queens Quay W
Toronto Islands - Ward's Island Park,1 Centre Island Pk
Toronto Music Garden,479 Queens Quay W
Toronto Sculpture Garden,115 King St E
Toronto Waterfront Park,Robertson Cres
Tottenham Parkette,16 Tottenham Rd
Totts Tot Lot,2 Gradwell Dr
Touraine Parkette,12 Touraine Ave
Tournament Park,40 Tournament Dr
Town Hall Square,20 Yorkville Ave
Trace Manes Park,110 Rumsey Rd
Traymore Park,5 Traymore Cres
Trethewey Park East,121 Trethewey Dr
Trethewey Park West,665 Trethewey Dr
Treverton Park,20 A Oakworth Cres
Trinity Bellwoods Park,790 Queen St W
Trinity Square,19 Trinity Sq
Triple Crown Parkette,93 D Triple Crown Ave
Trudelle Park,36 Trudelle St
Trudelle Street Park,55 Trudelle St
True Davidson Park,160 Memorial Park Ave
Trumpeter Park,46 Trumpeter St
Turnberry North Park,44 Algarve Cres
Turnberry South Park,31 Alentejo St
Turpin Avenue Park,12 Turpin Ave
Twelfth Street Parkette,1 Twelfth St
Twenty Eighth Street Park,123 Lake Promenade
Twenty Fifth Street Parkette,41 Lake Promenade
Twenty Third Street Parkette,1 A Lake Promenade
Underhill Park,25 Cassandra Blvd
Underpass Park,33 St Lawrence St
Upper Junction Park,85 Birdstone Cres
Upper Rouge Trail Park,124 Upper Rouge Trl
Upwood Greenbelt,44 Marshlynn Ave
Valecrest Park,125 Valecrest Dr
Valleyfield Park,35 The Westway
Van Horne Park,561 Van Horne Ave
Varna Park,215 Ranee Ave
Vermont Square,819 Palmerston Ave
Verobeach Parkette,135 Verobeach Blvd
Vesta Parkette,41 Vesta Dr
Victoria Memorial Square Park,10 Niagara St
Victoria Prk - Eglinton Parkette,1501 Victoria Park Ave
Viewmount Park,169 Viewmount Ave
Village Green Park,925 Albion Rd
Village Of Yorkville Park,115 Cumberland St
Villaways Park,41 Adra Villaway
Vimy Ridge Parkette,2546 Lake Shore Blvd W
Vine Avenue Playground,200 Vine Ave
Vradenberg Park,40 Vradenberg Dr
Vyner Greenbelt,16 Vyner Rd
Wadsworth Park,120 Connolly St
Wallace C. Swanek Park,241 Gary Dr
Wallace Emerson Park,1260 Dufferin St
Walmer Rd Parkette,227 Walmer Rd
Walter Saunders Memorial Park,440 Hopewell Ave
Wanita Park,5 Meadowvale Rd
Wanless Park,250 Wanless Ave
Warden Park,2851 Warden Ave
Warden Woods,74 Firvalley Crt
Warner Park,75 Warner Ave
Warrender Park,63 Warrender Ave
Water's Edge Promenade,115 Queens Quay E
Wayne Parkette,50 Wayne Ave
Wedgewood Park - Etobicoke,15 Swan Ave
Wedgewood Park - North York,145 Wedgewood Dr
Wellesley - Magill Park,125 Homewood Ave
Wellesley Park,500 Wellesley St E
Wellesworth Park,55 Dixfield Dr
Wells Hill Park,145 Hilton Ave
Wembley Parkette,9 Old Park Rd
Wenderly Park,89 Wenderly Dr
West Birkdale Park,514 Midwest Rd
West Deane Park,19 Sedgebrook Cres
West Don Parkland,165 Maxwell St
West Hill Park,170 Weir Cres
West Humber Parkland,447 Albion Rd
West Lodge Park,165 Lansdowne Ave
West Rouge Park,270 Rouge Hills Dr
Westgrove Park,15 Redgrave Dr
Westlake Park,86 Jasper Ave
Westmoreland Avenue Parkette,11 Westmoreland Ave
Westmount Park,22 Arcade Dr
Weston Lions Park,2125 Lawrence Ave W
Weston Village Park,99 West Oak Cres
Weston Village Parkette,7 Meadow Oak Pl
Westway Park,175 The Westway
Westwood Park,994 Carlaw Ave
Wexford Park,55 Elm Bank Rd
White Haven Park,63 Invergordon Ave
Whitehall Parkette,2 Whitehall Rd
Whitfield Parkette,2990 Islington Ave
Whitney Park,149 Roxborough Dr
Wickson Trail Park,30 Silverbell Grv
Widdicombe Hill Park,31 Widdicombe Hill
Wigmore Park,106 Wigmore Dr
Wildwood Crescent Playground,110 Wildwood Cres
Wilket Creek Park,1100 Leslie St
Willard Gardens Parkette,55 Mayfield Ave
Willesden Park,88 Willesden Rd
William Hancox Parkette,45 William Hancox Ave
Williamson Park Ravine,1680 Gerrard St E
Willis Blair Parkette,1570 O'Connor Dr
Willowdale Park,75 Hollywood Ave
Willowfield Gardens Park,97 Pachino Blvd
Willowridge Park,10 Earldown Dr
Wilson Heights Park,325 Wilson Heights Blvd
Wilson Heights Parkette,576 Wilson Heights Blvd
Wimbleton Road North Parkette,160 Wimbleton Rd
Wimbleton Road South Parkette,60 Wimbleton Rd
Winchester Park,530 Ontario St
Winchester Square Park,474 Ontario St
Wincott Park,86 Northcrest Rd
Windermere Avenue Parkette,167 Windermere Ave
Windfields Park,2451 Bayview Ave
Windwood Park,38 Windwood Dr
Winslow - Dalesford Parkette,107 Wesley St
Wishing Well Park,1700 Pharmacy Ave
Wishing Well Woods,1801 Pharmacy Ave
Withrow Park,725 Logan Ave
Woburn Avenue Playground,75 Woburn Ave
Woburn Park - North York,575 Cranbrooke Ave
Woburn Park - Scarborough,50 Dormington Dr
Woodbine Beach Park,1675 Lake Shore Blvd E
Woodbine Park,1695 Queen St E
Woodborough Park,1486 Castlefield Ave
Woodcliff Greenbelt,13 Woodcliff Pl
Woodgrove Ravine Park,1 Woodgrove Dr
Woodlands Park,19 Reesor Rd
Woodrow Park,260 Aylesworth Ave
Woodsworth Greenbelt,360 Woodsworth Rd
Woodsworth Park,122 Sedgemount Dr
Woodsworth Parkette,280 Woodsworth Rd
Woolner Park,735 Jane St
Wychwood Barns Park,76 Wychwood Ave
Wychwood Parkette,109 Hocken Ave
Yonge Boulevard Parkette,3444 Yonge St
York Mills Gardens,2639 Bayview Ave
York Mills Park,321 York Mills Rd
York Mills Valley Park,3865 Yonge St
York Stadium,2 Avon Ave
Yorkdale Park,256 Ranee Ave
Yorkminster Park,54 A Yorkminster Rd
Yorkminster Park Baptist Church Park,1585 Yonge St
Yorkwoods Park,20 Yorkwoods Gt
Zooview Park,50 Hedge End Rd
